Name:Test Tester,Datumsbereich:01.12.2024 - 28.02.2025
Zeitstempel,CGM-Glukosewert (mg/dl),Seriennummer
28.02.2025 23:59,154.0,CamAPS Dexcom G6
28.02.2025 23:54,148.0,CamAPS Dexcom G6
28.02.2025 23:49,135.0,CamAPS Dexcom G6
28.02.2025 23:44,128.0,CamAPS Dexcom G6
28.02.2025 23:39,136.0,CamAPS Dexcom G6
28.02.2025 23:34,124.0,CamAPS Dexcom G6
28.02.2025 23:29,104.0,CamAPS Dexcom G6
28.02.2025 23:24,95.0,CamAPS Dexcom G6
28.02.2025 23:19,80.0,CamAPS Dexcom G6
28.02.2025 23:14,66.0,CamAPS Dexcom G6
28.02.2025 23:09,55.0,CamAPS Dexcom G6
28.02.2025 23:04,39.0,CamAPS Dexcom G6
28.02.2025 22:59,39.0,CamAPS Dexcom G6
28.02.2025 22:54,39.0,CamAPS Dexcom G6
28.02.2025 22:49,39.0,CamAPS Dexcom G6
28.02.2025 21:24,39.0,CamAPS Dexcom G6
28.02.2025 20:59,39.0,CamAPS Dexcom G6
28.02.2025 20:54,39.0,CamAPS Dexcom G6
28.02.2025 20:24,39.0,CamAPS Dexcom G6
28.02.2025 20:19,39.0,CamAPS Dexcom G6
28.02.2025 20:04,39.0,CamAPS Dexcom G6
28.02.2025 19:59,39.0,CamAPS Dexcom G6
28.02.2025 19:54,39.0,CamAPS Dexcom G6
28.02.2025 19:49,39.0,CamAPS Dexcom G6
28.02.2025 19:44,39.0,CamAPS Dexcom G6
28.02.2025 19:39,39.0,CamAPS Dexcom G6
28.02.2025 19:34,39.0,CamAPS Dexcom G6
28.02.2025 19:29,39.0,CamAPS Dexcom G6
28.02.2025 19:24,52.0,CamAPS Dexcom G6
28.02.2025 19:19,57.0,CamAPS Dexcom G6
28.02.2025 19:14,55.0,CamAPS Dexcom G6
28.02.2025 19:09,56.0,CamAPS Dexcom G6
28.02.2025 19:04,61.0,CamAPS Dexcom G6
28.02.2025 18:59,66.0,CamAPS Dexcom G6
28.02.2025 18:54,71.0,CamAPS Dexcom G6
28.02.2025 18:49,80.0,CamAPS Dexcom G6
28.02.2025 18:44,88.0,CamAPS Dexcom G6
28.02.2025 18:39,92.0,CamAPS Dexcom G6
28.02.2025 08:59,134.0,CamAPS Dexcom G6
28.02.2025 08:54,134.0,CamAPS Dexcom G6
28.02.2025 08:49,132.0,CamAPS Dexcom G6
28.02.2025 08:44,133.0,CamAPS Dexcom G6
28.02.2025 08:39,132.0,CamAPS Dexcom G6
28.02.2025 08:34,131.0,CamAPS Dexcom G6
28.02.2025 08:29,131.0,CamAPS Dexcom G6
28.02.2025 08:24,131.0,CamAPS Dexcom G6
28.02.2025 08:19,130.0,CamAPS Dexcom G6
28.02.2025 08:14,130.0,CamAPS Dexcom G6
28.02.2025 08:09,129.0,CamAPS Dexcom G6
28.02.2025 08:04,128.0,CamAPS Dexcom G6
28.02.2025 07:59,128.0,CamAPS Dexcom G6
28.02.2025 07:54,127.0,CamAPS Dexcom G6
28.02.2025 07:49,127.0,CamAPS Dexcom G6
28.02.2025 07:44,128.0,CamAPS Dexcom G6
28.02.2025 07:39,128.0,CamAPS Dexcom G6
28.02.2025 07:34,129.0,CamAPS Dexcom G6
28.02.2025 07:29,131.0,CamAPS Dexcom G6
28.02.2025 07:24,133.0,CamAPS Dexcom G6
28.02.2025 07:19,133.0,CamAPS Dexcom G6
28.02.2025 07:14,128.0,CamAPS Dexcom G6
28.02.2025 07:09,127.0,CamAPS Dexcom G6
28.02.2025 07:04,126.0,CamAPS Dexcom G6
28.02.2025 06:59,126.0,CamAPS Dexcom G6
28.02.2025 06:54,122.0,CamAPS Dexcom G6
28.02.2025 06:49,116.0,CamAPS Dexcom G6
28.02.2025 06:44,110.0,CamAPS Dexcom G6
28.02.2025 06:39,105.0,CamAPS Dexcom G6
28.02.2025 06:34,102.0,CamAPS Dexcom G6
28.02.2025 06:29,101.0,CamAPS Dexcom G6
28.02.2025 06:24,100.0,CamAPS Dexcom G6
28.02.2025 06:19,104.0,CamAPS Dexcom G6
28.02.2025 06:14,106.0,CamAPS Dexcom G6
28.02.2025 06:09,107.0,CamAPS Dexcom G6
28.02.2025 06:04,108.0,CamAPS Dexcom G6
28.02.2025 05:59,110.0,CamAPS Dexcom G6
28.02.2025 05:54,111.0,CamAPS Dexcom G6
28.02.2025 05:49,111.0,CamAPS Dexcom G6
28.02.2025 05:44,112.0,CamAPS Dexcom G6
28.02.2025 05:39,113.0,CamAPS Dexcom G6
28.02.2025 05:34,112.0,CamAPS Dexcom G6
28.02.2025 05:29,110.0,CamAPS Dexcom G6
28.02.2025 05:24,109.0,CamAPS Dexcom G6
28.02.2025 05:19,108.0,CamAPS Dexcom G6
28.02.2025 05:14,106.0,CamAPS Dexcom G6
28.02.2025 05:09,105.0,CamAPS Dexcom G6
28.02.2025 05:04,105.0,CamAPS Dexcom G6
28.02.2025 04:59,106.0,CamAPS Dexcom G6
28.02.2025 04:54,107.0,CamAPS Dexcom G6
28.02.2025 04:49,107.0,CamAPS Dexcom G6
28.02.2025 04:44,107.0,CamAPS Dexcom G6
28.02.2025 04:39,106.0,CamAPS Dexcom G6
28.02.2025 04:34,104.0,CamAPS Dexcom G6
28.02.2025 04:29,104.0,CamAPS Dexcom G6
28.02.2025 04:24,107.0,CamAPS Dexcom G6
28.02.2025 04:19,108.0,CamAPS Dexcom G6
28.02.2025 04:14,110.0,CamAPS Dexcom G6
28.02.2025 04:09,112.0,CamAPS Dexcom G6
28.02.2025 04:04,115.0,CamAPS Dexcom G6
28.02.2025 03:59,119.0,CamAPS Dexcom G6
28.02.2025 03:54,125.0,CamAPS Dexcom G6
28.02.2025 03:49,130.0,CamAPS Dexcom G6
28.02.2025 03:44,131.0,CamAPS Dexcom G6
28.02.2025 03:39,132.0,CamAPS Dexcom G6
28.02.2025 03:34,134.0,CamAPS Dexcom G6
28.02.2025 03:29,135.0,CamAPS Dexcom G6
28.02.2025 03:24,137.0,CamAPS Dexcom G6
28.02.2025 03:19,140.0,CamAPS Dexcom G6
28.02.2025 03:14,142.0,CamAPS Dexcom G6
28.02.2025 03:09,143.0,CamAPS Dexcom G6
28.02.2025 03:04,142.0,CamAPS Dexcom G6
28.02.2025 02:59,142.0,CamAPS Dexcom G6
28.02.2025 02:54,141.0,CamAPS Dexcom G6
28.02.2025 02:49,139.0,CamAPS Dexcom G6
28.02.2025 02:44,137.0,CamAPS Dexcom G6
28.02.2025 02:39,134.0,CamAPS Dexcom G6
28.02.2025 02:34,133.0,CamAPS Dexcom G6
28.02.2025 02:29,131.0,CamAPS Dexcom G6
28.02.2025 02:24,129.0,CamAPS Dexcom G6
28.02.2025 02:19,128.0,CamAPS Dexcom G6
28.02.2025 02:14,129.0,CamAPS Dexcom G6
28.02.2025 02:09,129.0,CamAPS Dexcom G6
28.02.2025 02:04,128.0,CamAPS Dexcom G6
28.02.2025 01:59,129.0,CamAPS Dexcom G6
28.02.2025 01:54,128.0,CamAPS Dexcom G6
28.02.2025 01:49,129.0,CamAPS Dexcom G6
28.02.2025 01:44,129.0,CamAPS Dexcom G6
28.02.2025 01:39,130.0,CamAPS Dexcom G6
28.02.2025 01:34,131.0,CamAPS Dexcom G6
28.02.2025 01:29,130.0,CamAPS Dexcom G6
28.02.2025 01:24,128.0,CamAPS Dexcom G6
28.02.2025 01:19,128.0,CamAPS Dexcom G6
28.02.2025 01:14,132.0,CamAPS Dexcom G6
28.02.2025 01:09,136.0,CamAPS Dexcom G6
28.02.2025 01:04,137.0,CamAPS Dexcom G6
28.02.2025 00:59,137.0,CamAPS Dexcom G6
28.02.2025 00:54,137.0,CamAPS Dexcom G6
28.02.2025 00:49,137.0,CamAPS Dexcom G6
28.02.2025 00:44,137.0,CamAPS Dexcom G6
28.02.2025 00:39,138.0,CamAPS Dexcom G6
28.02.2025 00:34,139.0,CamAPS Dexcom G6
28.02.2025 00:29,139.0,CamAPS Dexcom G6
28.02.2025 00:24,139.0,CamAPS Dexcom G6
28.02.2025 00:19,139.0,CamAPS Dexcom G6
28.02.2025 00:14,139.0,CamAPS Dexcom G6
28.02.2025 00:09,139.0,CamAPS Dexcom G6
28.02.2025 00:04,139.0,CamAPS Dexcom G6
27.02.2025 23:59,140.0,CamAPS Dexcom G6
27.02.2025 23:54,140.0,CamAPS Dexcom G6
27.02.2025 23:49,139.0,CamAPS Dexcom G6
27.02.2025 23:44,137.0,CamAPS Dexcom G6
27.02.2025 23:39,135.0,CamAPS Dexcom G6
27.02.2025 23:34,131.0,CamAPS Dexcom G6
27.02.2025 23:29,128.0,CamAPS Dexcom G6
27.02.2025 23:24,123.0,CamAPS Dexcom G6
27.02.2025 23:19,117.0,CamAPS Dexcom G6
27.02.2025 23:14,111.0,CamAPS Dexcom G6
27.02.2025 23:09,110.0,CamAPS Dexcom G6
27.02.2025 23:04,105.0,CamAPS Dexcom G6
27.02.2025 22:59,99.0,CamAPS Dexcom G6
27.02.2025 22:54,94.0,CamAPS Dexcom G6
27.02.2025 22:49,87.0,CamAPS Dexcom G6
27.02.2025 22:44,84.0,CamAPS Dexcom G6
27.02.2025 22:39,80.0,CamAPS Dexcom G6
27.02.2025 22:34,78.0,CamAPS Dexcom G6
27.02.2025 22:29,78.0,CamAPS Dexcom G6
27.02.2025 22:24,81.0,CamAPS Dexcom G6
27.02.2025 22:19,83.0,CamAPS Dexcom G6
27.02.2025 22:14,86.0,CamAPS Dexcom G6
27.02.2025 22:09,90.0,CamAPS Dexcom G6
27.02.2025 22:04,95.0,CamAPS Dexcom G6
27.02.2025 21:59,102.0,CamAPS Dexcom G6
27.02.2025 21:54,110.0,CamAPS Dexcom G6
27.02.2025 21:49,118.0,CamAPS Dexcom G6
27.02.2025 21:44,127.0,CamAPS Dexcom G6
27.02.2025 21:39,136.0,CamAPS Dexcom G6
27.02.2025 21:34,133.0,CamAPS Dexcom G6
27.02.2025 21:29,141.0,CamAPS Dexcom G6
27.02.2025 21:24,144.0,CamAPS Dexcom G6
27.02.2025 21:19,154.0,CamAPS Dexcom G6
27.02.2025 21:14,158.0,CamAPS Dexcom G6
27.02.2025 21:09,173.0,CamAPS Dexcom G6
27.02.2025 21:04,185.0,CamAPS Dexcom G6
27.02.2025 20:59,197.0,CamAPS Dexcom G6
27.02.2025 20:54,203.0,CamAPS Dexcom G6
27.02.2025 20:49,209.0,CamAPS Dexcom G6
27.02.2025 20:44,212.0,CamAPS Dexcom G6
27.02.2025 20:39,218.0,CamAPS Dexcom G6
27.02.2025 20:34,226.0,CamAPS Dexcom G6
27.02.2025 20:29,234.0,CamAPS Dexcom G6
27.02.2025 20:24,240.0,CamAPS Dexcom G6
27.02.2025 20:19,241.0,CamAPS Dexcom G6
27.02.2025 20:14,235.0,CamAPS Dexcom G6
27.02.2025 20:09,226.0,CamAPS Dexcom G6
27.02.2025 20:04,215.0,CamAPS Dexcom G6
27.02.2025 19:59,204.0,CamAPS Dexcom G6
27.02.2025 19:54,193.0,CamAPS Dexcom G6
27.02.2025 19:49,190.0,CamAPS Dexcom G6
27.02.2025 19:44,184.0,CamAPS Dexcom G6
27.02.2025 19:39,177.0,CamAPS Dexcom G6
27.02.2025 19:34,175.0,CamAPS Dexcom G6
27.02.2025 19:29,170.0,CamAPS Dexcom G6
27.02.2025 19:24,169.0,CamAPS Dexcom G6
27.02.2025 19:19,165.0,CamAPS Dexcom G6
27.02.2025 19:14,155.0,CamAPS Dexcom G6
27.02.2025 19:09,146.0,CamAPS Dexcom G6
27.02.2025 19:04,137.0,CamAPS Dexcom G6
27.02.2025 18:59,130.0,CamAPS Dexcom G6
27.02.2025 18:54,123.0,CamAPS Dexcom G6
27.02.2025 18:49,114.0,CamAPS Dexcom G6
27.02.2025 18:44,110.0,CamAPS Dexcom G6
27.02.2025 18:39,101.0,CamAPS Dexcom G6
27.02.2025 18:34,90.0,CamAPS Dexcom G6
27.02.2025 18:29,82.0,CamAPS Dexcom G6
27.02.2025 18:24,78.0,CamAPS Dexcom G6
27.02.2025 18:19,79.0,CamAPS Dexcom G6
27.02.2025 18:14,70.0,CamAPS Dexcom G6
27.02.2025 18:09,60.0,CamAPS Dexcom G6
27.02.2025 18:04,57.0,CamAPS Dexcom G6
27.02.2025 17:59,55.0,CamAPS Dexcom G6
27.02.2025 17:54,55.0,CamAPS Dexcom G6
27.02.2025 17:49,55.0,CamAPS Dexcom G6
27.02.2025 17:44,54.0,CamAPS Dexcom G6
27.02.2025 17:39,55.0,CamAPS Dexcom G6
27.02.2025 17:34,58.0,CamAPS Dexcom G6
27.02.2025 17:29,58.0,CamAPS Dexcom G6
27.02.2025 17:24,62.0,CamAPS Dexcom G6
27.02.2025 17:19,70.0,CamAPS Dexcom G6
27.02.2025 17:14,82.0,CamAPS Dexcom G6
27.02.2025 17:09,96.0,CamAPS Dexcom G6
27.02.2025 17:04,111.0,CamAPS Dexcom G6
27.02.2025 16:59,122.0,CamAPS Dexcom G6
27.02.2025 16:54,131.0,CamAPS Dexcom G6
27.02.2025 16:49,141.0,CamAPS Dexcom G6
27.02.2025 16:44,149.0,CamAPS Dexcom G6
27.02.2025 16:39,157.0,CamAPS Dexcom G6
27.02.2025 16:34,164.0,CamAPS Dexcom G6
27.02.2025 16:29,168.0,CamAPS Dexcom G6
27.02.2025 16:24,171.0,CamAPS Dexcom G6
27.02.2025 16:19,176.0,CamAPS Dexcom G6
27.02.2025 16:14,178.0,CamAPS Dexcom G6
27.02.2025 16:09,184.0,CamAPS Dexcom G6
27.02.2025 16:04,189.0,CamAPS Dexcom G6
27.02.2025 15:59,192.0,CamAPS Dexcom G6
27.02.2025 15:54,196.0,CamAPS Dexcom G6
27.02.2025 15:49,199.0,CamAPS Dexcom G6
27.02.2025 15:44,196.0,CamAPS Dexcom G6
27.02.2025 15:39,195.0,CamAPS Dexcom G6
27.02.2025 15:34,190.0,CamAPS Dexcom G6
27.02.2025 15:29,184.0,CamAPS Dexcom G6
27.02.2025 15:24,180.0,CamAPS Dexcom G6
27.02.2025 15:19,177.0,CamAPS Dexcom G6
27.02.2025 15:14,175.0,CamAPS Dexcom G6
27.02.2025 15:09,170.0,CamAPS Dexcom G6
27.02.2025 15:04,166.0,CamAPS Dexcom G6
27.02.2025 14:59,164.0,CamAPS Dexcom G6
27.02.2025 14:54,163.0,CamAPS Dexcom G6
27.02.2025 14:49,162.0,CamAPS Dexcom G6
27.02.2025 14:44,163.0,CamAPS Dexcom G6
27.02.2025 14:39,163.0,CamAPS Dexcom G6
27.02.2025 14:34,167.0,CamAPS Dexcom G6
27.02.2025 14:29,172.0,CamAPS Dexcom G6
27.02.2025 14:24,175.0,CamAPS Dexcom G6
27.02.2025 14:19,177.0,CamAPS Dexcom G6
27.02.2025 14:14,173.0,CamAPS Dexcom G6
27.02.2025 14:09,172.0,CamAPS Dexcom G6
27.02.2025 14:04,167.0,CamAPS Dexcom G6
27.02.2025 13:59,162.0,CamAPS Dexcom G6
27.02.2025 13:54,156.0,CamAPS Dexcom G6
27.02.2025 13:49,153.0,CamAPS Dexcom G6
27.02.2025 13:44,149.0,CamAPS Dexcom G6
27.02.2025 13:39,144.0,CamAPS Dexcom G6
27.02.2025 13:34,138.0,CamAPS Dexcom G6
27.02.2025 13:29,131.0,CamAPS Dexcom G6
27.02.2025 13:24,129.0,CamAPS Dexcom G6
27.02.2025 13:19,129.0,CamAPS Dexcom G6
27.02.2025 13:14,126.0,CamAPS Dexcom G6
27.02.2025 13:09,126.0,CamAPS Dexcom G6
27.02.2025 13:04,122.0,CamAPS Dexcom G6
27.02.2025 12:59,120.0,CamAPS Dexcom G6
27.02.2025 12:54,122.0,CamAPS Dexcom G6
27.02.2025 12:49,118.0,CamAPS Dexcom G6
27.02.2025 12:44,119.0,CamAPS Dexcom G6
27.02.2025 12:39,120.0,CamAPS Dexcom G6
27.02.2025 12:34,122.0,CamAPS Dexcom G6
27.02.2025 12:29,115.0,CamAPS Dexcom G6
27.02.2025 12:24,109.0,CamAPS Dexcom G6
27.02.2025 12:19,104.0,CamAPS Dexcom G6
27.02.2025 12:14,99.0,CamAPS Dexcom G6
27.02.2025 12:09,94.0,CamAPS Dexcom G6
27.02.2025 12:04,89.0,CamAPS Dexcom G6
27.02.2025 11:59,84.0,CamAPS Dexcom G6
27.02.2025 11:54,79.0,CamAPS Dexcom G6
27.02.2025 11:49,74.0,CamAPS Dexcom G6
27.02.2025 11:44,71.0,CamAPS Dexcom G6
27.02.2025 11:39,68.0,CamAPS Dexcom G6
27.02.2025 11:34,66.0,CamAPS Dexcom G6
27.02.2025 11:29,66.0,CamAPS Dexcom G6
27.02.2025 11:24,68.0,CamAPS Dexcom G6
27.02.2025 11:19,70.0,CamAPS Dexcom G6
27.02.2025 11:14,73.0,CamAPS Dexcom G6
27.02.2025 11:09,78.0,CamAPS Dexcom G6
27.02.2025 11:04,83.0,CamAPS Dexcom G6
27.02.2025 10:59,86.0,CamAPS Dexcom G6
27.02.2025 10:54,84.0,CamAPS Dexcom G6
27.02.2025 10:49,80.0,CamAPS Dexcom G6
27.02.2025 10:44,81.0,CamAPS Dexcom G6
27.02.2025 10:39,83.0,CamAPS Dexcom G6
27.02.2025 10:34,83.0,CamAPS Dexcom G6
27.02.2025 10:29,82.0,CamAPS Dexcom G6
27.02.2025 10:24,81.0,CamAPS Dexcom G6
27.02.2025 10:19,78.0,CamAPS Dexcom G6
27.02.2025 10:14,79.0,CamAPS Dexcom G6
27.02.2025 10:09,86.0,CamAPS Dexcom G6
27.02.2025 10:04,98.0,CamAPS Dexcom G6
27.02.2025 09:59,113.0,CamAPS Dexcom G6
27.02.2025 09:54,125.0,CamAPS Dexcom G6
27.02.2025 09:49,135.0,CamAPS Dexcom G6
27.02.2025 09:44,139.0,CamAPS Dexcom G6
27.02.2025 09:39,138.0,CamAPS Dexcom G6
27.02.2025 09:34,139.0,CamAPS Dexcom G6
27.02.2025 09:29,141.0,CamAPS Dexcom G6
27.02.2025 09:24,140.0,CamAPS Dexcom G6
27.02.2025 09:19,138.0,CamAPS Dexcom G6
27.02.2025 09:14,130.0,CamAPS Dexcom G6
27.02.2025 09:09,124.0,CamAPS Dexcom G6
27.02.2025 09:04,121.0,CamAPS Dexcom G6
27.02.2025 08:59,124.0,CamAPS Dexcom G6
27.02.2025 08:54,127.0,CamAPS Dexcom G6
27.02.2025 08:49,130.0,CamAPS Dexcom G6
27.02.2025 08:44,131.0,CamAPS Dexcom G6
27.02.2025 08:39,134.0,CamAPS Dexcom G6
27.02.2025 08:34,137.0,CamAPS Dexcom G6
27.02.2025 08:29,139.0,CamAPS Dexcom G6
27.02.2025 08:24,139.0,CamAPS Dexcom G6
27.02.2025 08:19,139.0,CamAPS Dexcom G6
27.02.2025 08:14,140.0,CamAPS Dexcom G6
27.02.2025 08:09,144.0,CamAPS Dexcom G6
27.02.2025 08:04,148.0,CamAPS Dexcom G6
27.02.2025 07:59,152.0,CamAPS Dexcom G6
27.02.2025 07:54,154.0,CamAPS Dexcom G6
27.02.2025 07:49,151.0,CamAPS Dexcom G6
27.02.2025 07:44,150.0,CamAPS Dexcom G6
27.02.2025 07:39,147.0,CamAPS Dexcom G6
27.02.2025 07:34,145.0,CamAPS Dexcom G6
27.02.2025 07:29,144.0,CamAPS Dexcom G6
27.02.2025 07:24,143.0,CamAPS Dexcom G6
27.02.2025 07:19,142.0,CamAPS Dexcom G6
27.02.2025 07:14,139.0,CamAPS Dexcom G6
27.02.2025 07:09,128.0,CamAPS Dexcom G6
27.02.2025 07:04,113.0,CamAPS Dexcom G6
27.02.2025 06:59,103.0,CamAPS Dexcom G6
27.02.2025 06:54,98.0,CamAPS Dexcom G6
27.02.2025 06:49,91.0,CamAPS Dexcom G6
27.02.2025 06:44,87.0,CamAPS Dexcom G6
27.02.2025 06:39,88.0,CamAPS Dexcom G6
27.02.2025 06:34,88.0,CamAPS Dexcom G6
27.02.2025 06:29,94.0,CamAPS Dexcom G6
27.02.2025 06:24,99.0,CamAPS Dexcom G6
27.02.2025 06:19,100.0,CamAPS Dexcom G6
27.02.2025 06:14,103.0,CamAPS Dexcom G6
27.02.2025 06:09,104.0,CamAPS Dexcom G6
27.02.2025 06:04,103.0,CamAPS Dexcom G6
27.02.2025 05:59,104.0,CamAPS Dexcom G6
27.02.2025 05:54,105.0,CamAPS Dexcom G6
27.02.2025 05:49,107.0,CamAPS Dexcom G6
27.02.2025 05:44,109.0,CamAPS Dexcom G6
27.02.2025 05:39,112.0,CamAPS Dexcom G6
27.02.2025 05:34,114.0,CamAPS Dexcom G6
27.02.2025 05:29,115.0,CamAPS Dexcom G6
27.02.2025 05:24,115.0,CamAPS Dexcom G6
27.02.2025 05:19,116.0,CamAPS Dexcom G6
27.02.2025 05:14,117.0,CamAPS Dexcom G6
27.02.2025 05:09,117.0,CamAPS Dexcom G6
27.02.2025 05:04,117.0,CamAPS Dexcom G6
27.02.2025 04:59,117.0,CamAPS Dexcom G6
27.02.2025 04:54,118.0,CamAPS Dexcom G6
27.02.2025 04:49,119.0,CamAPS Dexcom G6
27.02.2025 04:44,119.0,CamAPS Dexcom G6
27.02.2025 04:39,114.0,CamAPS Dexcom G6
27.02.2025 04:34,112.0,CamAPS Dexcom G6
27.02.2025 04:29,111.0,CamAPS Dexcom G6
27.02.2025 04:24,110.0,CamAPS Dexcom G6
27.02.2025 04:19,111.0,CamAPS Dexcom G6
27.02.2025 04:14,112.0,CamAPS Dexcom G6
27.02.2025 04:09,112.0,CamAPS Dexcom G6
27.02.2025 04:04,113.0,CamAPS Dexcom G6
27.02.2025 03:59,114.0,CamAPS Dexcom G6
27.02.2025 03:54,115.0,CamAPS Dexcom G6
27.02.2025 03:49,120.0,CamAPS Dexcom G6
27.02.2025 03:44,123.0,CamAPS Dexcom G6
27.02.2025 03:39,126.0,CamAPS Dexcom G6
27.02.2025 03:34,128.0,CamAPS Dexcom G6
27.02.2025 03:29,131.0,CamAPS Dexcom G6
27.02.2025 03:24,133.0,CamAPS Dexcom G6
27.02.2025 03:19,134.0,CamAPS Dexcom G6
27.02.2025 03:14,133.0,CamAPS Dexcom G6
27.02.2025 03:09,135.0,CamAPS Dexcom G6
27.02.2025 03:04,137.0,CamAPS Dexcom G6
27.02.2025 02:59,138.0,CamAPS Dexcom G6
27.02.2025 02:54,140.0,CamAPS Dexcom G6
27.02.2025 02:49,142.0,CamAPS Dexcom G6
27.02.2025 02:44,145.0,CamAPS Dexcom G6
27.02.2025 02:39,148.0,CamAPS Dexcom G6
27.02.2025 02:34,151.0,CamAPS Dexcom G6
27.02.2025 02:29,149.0,CamAPS Dexcom G6
27.02.2025 02:24,145.0,CamAPS Dexcom G6
27.02.2025 02:19,143.0,CamAPS Dexcom G6
27.02.2025 02:14,141.0,CamAPS Dexcom G6
27.02.2025 02:09,140.0,CamAPS Dexcom G6
27.02.2025 02:04,140.0,CamAPS Dexcom G6
27.02.2025 01:59,140.0,CamAPS Dexcom G6
27.02.2025 01:54,139.0,CamAPS Dexcom G6
27.02.2025 01:49,139.0,CamAPS Dexcom G6
27.02.2025 01:44,139.0,CamAPS Dexcom G6
27.02.2025 01:39,138.0,CamAPS Dexcom G6
27.02.2025 01:34,139.0,CamAPS Dexcom G6
27.02.2025 01:29,141.0,CamAPS Dexcom G6
27.02.2025 01:24,143.0,CamAPS Dexcom G6
27.02.2025 01:19,143.0,CamAPS Dexcom G6
27.02.2025 01:14,144.0,CamAPS Dexcom G6
27.02.2025 01:09,150.0,CamAPS Dexcom G6
27.02.2025 01:04,152.0,CamAPS Dexcom G6
27.02.2025 00:59,153.0,CamAPS Dexcom G6
27.02.2025 00:54,153.0,CamAPS Dexcom G6
27.02.2025 00:49,152.0,CamAPS Dexcom G6
27.02.2025 00:44,151.0,CamAPS Dexcom G6
27.02.2025 00:39,151.0,CamAPS Dexcom G6
27.02.2025 00:34,151.0,CamAPS Dexcom G6
27.02.2025 00:29,151.0,CamAPS Dexcom G6
27.02.2025 00:24,149.0,CamAPS Dexcom G6
27.02.2025 00:19,146.0,CamAPS Dexcom G6
27.02.2025 00:14,142.0,CamAPS Dexcom G6
27.02.2025 00:09,138.0,CamAPS Dexcom G6
27.02.2025 00:04,134.0,CamAPS Dexcom G6
